variant_id,control_1,control_2,control_3,control_4,control_5,control_6,control_7,control_8,control_9,control_10
chr7_44806821,het,het,hom_ref,hom_ref,hom_ref,hom_ref,hom_ref,hom_ref,hom_ref,hom_ref
chr24_25785932,het,hom_ref,hom_ref,hom_ref,hom_ref,hom_ref,hom_ref,hom_ref,hom_ref,hom_ref
chr7_43550210,het,het,hom_ref,hom_ref,hom_ref,hom_ref,hom_ref,hom_ref,hom_ref,hom_ref
chr7_42980440,het,hom_ref,hom_ref,hom_ref,hom_ref,hom_ref,hom_ref,hom_ref,hom_ref,hom_ref
chr24_25610900,het,het,hom_ref,hom_ref,hom_ref,hom_ref,hom_ref,hom_ref,hom_ref,hom_ref
chr7_44120330,het,hom_ref,hom_ref,hom_ref,hom_ref,hom_ref,hom_ref,hom_ref,hom_ref,hom_ref
chr24_26050770,het,het,hom_ref,hom_ref,hom_ref,hom_ref,hom_ref,hom_ref,hom_ref,hom_ref
chr7_43700000,het,het,het,hom_alt,hom_ref,hom_ref,hom_ref,hom_ref,hom_ref,hom_ref
chr2_20000000,het,hom_ref,hom_ref,hom_ref,hom_ref,hom_ref,hom_ref,hom_ref,hom_ref,hom_ref
chr7_41000000,het,het,hom_ref,hom_ref,hom_ref,hom_ref,hom_ref,hom_ref,hom_ref,hom_ref
