marker_id,chrom,position_bp,case1,case2,case3,control1,control2,control3
chr1_10000000,chr1,10000000,AA,AG,GG,AG,AA,AG
chr1_10250000,chr1,10250000,AG,AA,AG,AA,AG,GG
chr1_10500000,chr1,10500000,GG,AG,AA,AG,AG,AA
chr1_10750000,chr1,10750000,AA,GG,AG,AA,AG,AG
chr1_11000000,chr1,11000000,AG,AG,AA,GG,AG,AA
chr1_11250000,chr1,11250000,AA,AG,GG,AG,AA,AG
chr1_11500000,chr1,11500000,GG,AA,AG,AA,AG,GG
chr1_11750000,chr1,11750000,AG,GG,AA,AG,AA,AG
chr5_5000000,chr5,5000000,TT,TT,TT,TT,TT,TT
chr5_5250000,chr5,5250000,TT,TT,TT,TT,TT,TT
chr5_5500000,chr5,5500000,TT,TT,TT,TT,TT,TT
chr5_5750000,chr5,5750000,TT,TT,TT,TT,TT,TT
chr7_40000000,chr7,40000000,CG,CG,CG,CG,CG,CG
chr7_40300000,chr7,40300000,CG,CG,CG,CG,CG,CG
chr7_40600000,chr7,40600000,CG,CG,CG,CG,CG,CG
chr7_40900000,chr7,40900000,CG,CG,CG,CG,CG,CG
chr7_41200000,chr7,41200000,CC,CC,CC,CG,CG,CG
chr7_41500000,chr7,41500000,CC,CC,CC,CG,CG,CG
chr7_41800000,chr7,41800000,CC,CC,CC,CG,CG,CG
chr7_42100000,chr7,42100000,CC,CC,CC,CG,CG,CG
chr7_42400000,chr7,42400000,CC,CC,CC,CG,CG,CG
chr7_42700000,chr7,42700000,CC,CC,CC,CG,CG,CG
chr7_43000000,chr7,43000000,CC,CC,CC,CG,CG,CG
chr7_43300000,chr7,43300000,CC,CC,CC,CG,CG,CG
chr7_43600000,chr7,43600000,CC,CC,CC,CG,CG,CG
chr7_43900000,chr7,43900000,CC,CC,CC,CG,CG,CG
chr7_44200000,chr7,44200000,CC,CC,CC,CG,CG,CG
chr7_44500000,chr7,44500000,CC,CC,CC,CG,CG,CG
chr7_44800000,chr7,44800000,CC,CC,CC,CG,CG,CG
chr7_45100000,chr7,45100000,CC,CC,CC,CG,CG,CG
chr7_45400000,chr7,45400000,CC,CC,CC,CG,CG,CG
chr7_45700000,chr7,45700000,CG,CG,CG,CG,CG,CG
chr7_46000000,chr7,46000000,CG,CG,CG,CG,CG,CG
chr7_46300000,chr7,46300000,CG,CG,CG,CG,CG,CG
chr7_46600000,chr7,46600000,CG,CG,CG,CG,CG,CG
chr7_46900000,chr7,46900000,CG,CG,CG,CG,CG,CG
chr24_24000000,chr24,24000000,AG,AG,AG,AG,AG,AG
chr24_24250000,chr24,24250000,AG,AG,AG,AG,AG,AG
chr24_24500000,chr24,24500000,AG,AG,AG,AG,AG,AG
chr24_24750000,chr24,24750000,AG,AG,AG,AG,AG,AG
chr24_25000000,chr24,25000000,AA,AA,AA,AG,AG,AG
chr24_25250000,chr24,25250000,AA,AA,AA,AG,AG,AG
chr24_25500000,chr24,25500000,AA,AA,AA,AG,AG,AG
chr24_25750000,chr24,25750000,AA,AA,AA,AG,AG,AG
chr24_26000000,chr24,26000000,AA,AA,AA,AG,AG,AG
chr24_26250000,chr24,26250000,AA,AA,AA,AG,AG,AG
chr24_26500000,chr24,26500000,AA,AA,AA,AG,AG,AG
chr24_26750000,chr24,26750000,AG,AG,AG,AG,AG,AG
